,productName,ratingCount,favories,sellerPoint,price,productPoint,productQuestions
0,Roborock S5 Max Beyaz Akıllı Robot Süpürge roborocks5maxtr ,12133 ,331058 ,9.3,"6.078,05",0,0
1,Roborock S7 Sonic Mopping Akıllı Robot Süpürge s7 ,682 ,35134 ,9.8,"7.979,05",0,0
2,Xiaomi Mi Robot Vacuum Mop Pro 2 Mi Vacuum Mop 2 Pro+ ,2502 ,71719 ,9.8,"5.338,05",0,0
3,Xiaomi Mi Robot Vacuum Mop Pro Cleaner Robot Süpürge Ve Paspas Beyaz MOPPRO-B ,17892 ,452268 ,8.8,"5.154,24",0,0
4,Roborock S7 Sonic Mopping Akıllı Robot Süpürge Siyah TYC00196126126 ,61 ,6713 ,9.8,"8.055,05",0,0
5,Xiaomi Mi Vacuum Mop 2in1 Essential Robot Süpürge ve Paspas essential ,7423 ,252928 ,9.3,2.850,0,0
6,Xiaomi Mi Robot 1C Vacuum Mop - Kablosuz Süpürge VACUUMMOP ,14064 ,278778 ,9.3,"4.266,24",0,0
7,Dreame Vacuum Mop F9 Robot Süpürge (GENPA GARANTİLİ) MOPF9 ,1382 ,18152 ,9.1,"5.279,04",0,0
8,Xiaomi Mi Vacuum Mop Pro (Xiaomi TR Resmi Ürünü) Robot Süpürge Ve Paspas - Beyaz MOPPRO-BR1 ,142 ,10071 ,9.7,4.999,0,0
9,Roborock S5 Max Siyah Robot Süpürge Vacuum Cleaner S5 Max S5E52-00 Black ,1929 ,74595 ,9,6.099,0,0
10,Viomi V3 Vacuum Cleaner Lazer Sensör Robot Süpürge Ve Paspas V-RVCLM26B ,3109 ,59308 ,9.4,"5.053,05",0,0
11,Roborock S6 Maxv Aı Dual Cam 2 In 1 Robot Süpürge ROBOROCK S6 MAX V ,1664 ,52810 ,8.8,"6.863,75",0,0
12,Xiaomi Mi Robot Vacuum Mop Pro Cleaner Robot Süpürge Ve Paspas (İTHALATÇI GARANTİLİ) MOPPRO ,7289 ,155529 ,9,4.921,0,0
13,Viomi Alpha (S9) Toz Boşaltma Üniteli Akıllı Robot Süpürge s9 siyah ,85 ,4795 ,9.4,"6.905,56",0,0
14,+360 360 S7 Vacuum Mop Pro Cleaner Akıllı Robot Süpürge 6939662156890 ,284 ,11294 ,0,"4.652,08",0,0
15,Dreame Xiaomi Vacuum Mop D9 Robot Süpürge (GENPA GARANTİLİ) DD9 ,521 ,10305 ,9.7,"5.173,98",0,0
16,Roborock S6 Pure Robot Süpürge s6 ,1017 ,51237 ,9.8,"5.739,84",0,0
17,Lydsto R1 Toz Toplama Üniteli Akıllı Robot Süpürge Beyaz - ( Türkiye Garantili) P1246S4625 ,282 ,17204 ,9,6.498,0,0
18,ROBX R7 UV Sterilizasyon Akılı Çöp Boşaltma Üniteli Vacuum & Mop Robot Süpürge(Robx Türkiye Garantili) ,138 ,10392 ,9.7,"6.638,60",0,0
19,Omid Omıd Air 2 Akıllı Robot Süpürge RS0001 ,31 ,944 ,9.4,"4.400,65",0,0
20,Arzum Ar4301 Robotek X2 Moplu Akıllı Robot Süpürge - Siyah AR4301.SİYAH ,475 ,22115 ,9.9,"2.749,90",0,0
21,Wiami Fx-11 Plus Robot Süpürge FX-11 ,146 ,9339 ,8.7,"6.191,04",0,0
22,Roidmi Eve Plus Akıllı Çöp İstasyonlu Robot Vacuum & Mop Süpürge (Roidmi Türkiye Garantili) QTJCZ01 ,948 ,73901 ,9,8.199,0,0
23,Dreame Vacuum Mop L10 Pro Robot Süpürge (GENPA GARANTİLİ) ,73 ,2296 ,9.3,"6.592,05",0,0
24,iRobot Roomba 606 Robot Süpürge ,295 ,14134 ,9.3,"2.554,68",0,0
25,NEABOT Nomo Q11 Toz Hazneli 4000 Pa Akıllı Robot Süpürge Türkiye Garantili ,131 ,7120 ,0,"7.999,95",0,0
26,Grundig Vcr 2131 Haritalamalı Mop Özellikli Akıllı Robot Süpürge 8911271600 ,123 ,10698 ,9.2,3.364,0,0
27,+360 360 S7 Pro Vacuum Mop Pro Cleaner Akıllı Robot Süpürge 6939662178014 ,102 ,2629 ,0,"4.799,04",0,0
28,Beko Robo-x Rs 2121 RS 2121 ,20 ,2430 ,9.2,2.950,0,0
29,Lydsto R1 Toz Toplama Üniteli Akıllı Robot Süpürge Siyah - ( Türkiye Garantili ) ,85 ,4256 ,9,6.498,0,0
30,VESTEL V-bot Robot Süpürge V-BOT ,8 ,1379 ,9.3,"2.149,44",0,0
31,Viomi Se Vacuum Cleaner Lazer Sensör 2in1 Robot Süpürge Ve Paspas Xiaomi Viomi SE ,572 ,15186 ,0,6.599,0,0
32,TESVOR X500pro Akıllı Robot Süpürge TESVOR X500Pro ,52 ,3733 ,8.7,"2.591,04",0,0
33,Wiami Fx-9 Pro Robot Süpürge TYC00218117691 ,177 ,6670 ,8.7,"4.949,50",0,0
34,Viomi V2 Pro Akıllı Robot Süpürge V-RVCLM21B ,1938 ,44377 ,9.3,"4.344,62",0,0
35,Arçelik Rs 9034 Hm Robot Süpürge RS 9034 HM ,13 ,1344 ,7.6,"5.460,13",0,0
36,Wero M8 Max Robot Süpürge & Akıllı Toz Toplama Istasyonu & Paspaslama & 4 Yıl Garantili WRM801 ,7 ,736 ,0,"6.239,04",0,0
37,Ttec Robi Promaster Otomatik Toz Boşaltma Sistemli Akıllı Robot Süpürge Ve Paspas 2RS01 ,2 ,512 ,8.6,"4.998,51",0,0
38,Omid I8 Pro Akıllı Robot Süpürge (ÇÖP KOVALI İSTASYONLU) RS0002 ,20 ,921 ,9.4,"6.762,69",0,0
39,Grundig Moplu Haritalamalı Akıllı Robot Süpürge Vcr 9031 8910851600 ,37 ,7861 ,8.6,"4.894,08",0,0
40,Dreame Z10 Pro Robot Süpürge (GENPA GARANTİLİ) Dreame Z10 Pro Robot Süpürge ,11 ,582 ,9.1,"8.159,04",0,0
41,Xiaomi Hutt Ddc55 Cam Silme Robotu (genpa Garantili) Hutt Ddc55 DDC-55 ,144 ,38297 ,8.6,2.399,0,0
42,iRobot Robot Roomba 693 Akıllı Robot Süpürge - Wifi 2218833 ,283 ,28470 ,9,"2.885,45",0,0
43,Sunny Hero Pro Sn7rbt03 Akıllı Çöp Istasyonlu Vacuum & Mop Akıllı Robot Süpürge SN7RBT03 ,4 ,634 ,9.3,6.099,0,0
44,nave S8-01 Robot Vacuum Cleaner Mop Akıllı Robot Süpürge Ve Paspas ,36 ,2442 ,0,2.099,0,0
45,HOMEND Alex Laser 1281h Moplu Ve Haritalamalı Akıllı Robot Süpürge Beyaz 700.01.01.0333 ,58 ,3564 ,0,"4.454,01",0,0
46,HOMEND Alex Laser 1282h Moplu Ve Haritalamalı Akıllı Robot Süpürge Siyah 700.01.01.0334 ,19 ,2248 ,0,4.499,0,0
47,Beko Hm Robot Süpürge Rs 8034 RS 8034 HM ,5 ,611 ,8.2,"4.799,20",0,0
48,Roborock S5 Max Robot Süpürge Black Distbritör Garantili TYC00206751876 ,9 ,1643 ,0,7.299,0,0
49,Viomi Alpha S9 Ultraviyole Toz Boşaltma Üniteli Robot Süpürge - Beyaz (Viomi Türkiye Garantili) s9 uv ,7 ,866 ,0,"6.999,60",0,0
50,FANTOM Galaxy Xy38 Robot Süpürge GALAXY-XY38 BEYAZ ,10 ,618 ,8.7,4.449,0,0
51,Dreame Dream Bot D9 Max Robot Süpürge DD9MBTX ,2 ,278 ,0,6.699,0,0
52,Biarbi Akıllı Robot Süpürge Rb54512254215245 RB54512254215245 ,0,99 ,0,1.997,0,0
53,ILIFE V5s Pro Akıllı Robot Süpürge - Kuru Ve Islak Temizleme Modu ,74 ,4288 ,8.6,2.205,0,0
54,Midea M3l Akıllı Robot Süpürge M3L ,5 ,340 ,0,"1.789,92",0,0
55,Xiaomi Mi Vacuum Mop Essential Robot Süpürge (Xiaomi TR Resmi Ürünü) 2in1 Robot Süpürge ve Paspas essentialR1 ,316 ,16650 ,9.5,3.099,0,0
56,Hoover H-go 300 Hydro Islak-kuru Robot Süpürge 300HYDRO ,8 ,995 ,8.9,3.199,0,0
57,Roidmi Eve Vacuum Mop Akıllı Robot Süpürge roidmieve ,1021 ,28518 ,9,7.099,0,0
58,HOMEND Alex 1280h Akıllı Robot Süpürge Alex 1280H ,71 ,4605 ,8.5,"1.632,10",0,0
59,Arçelik Rs 3121 Robot Süpürge ,26 ,4861 ,9.1,3.138,0,0
60,Wiami Fx-11 Plus Robot Süpürge TYC00293659847 ,20 ,1258 ,8.7,"6.249,60",0,0
61,Arnica Sil Süpür Robot Süpürge ET13350 ,0,0,0,7.699,0,0
62,Viomi Robot Vacuum S9 Beyaz S9-Automatic Dirt Disposal ,127 ,6836 ,9.6,"7.188,48",0,0
63,Arçelik Rs 3121 Robot Süpürge RS 3121 ,13 ,2574 ,8.1,"3.101,06",0,0
64,Xiaomi Mi Robot 1C Vacuum Mop - Robot Süpürge (Xiaomi TR Resmi Ürünü) VACUUMMOPR1 ,291 ,8936 ,0,4.699,0,0
65,iRobot Roomba I3 Akıllı Robot Süpürge 2744555 ,29 ,5974 ,8.9,"5.364,65",0,0
66,iRobot Roomba Combo Robot Süpürge 115042155 ,3 ,236 ,0,2.799,0,0
67,Xiaomi Dreametech Z10 Pro Robot Süpürge Ve Paspas Mi Home Kontrollü Genpa Garantili DRMZ10PR ,0,232 ,0,8.999,0,0
68,iRobot Roomba 976 Robot Süpürge 120232300 ,19 ,1676 ,0,"4.799,04",0,0
69,Xiaomi Hutt W66 Cam Silme Robotu HUTT W66 ,70 ,9652 ,0,"4.214,93",0,0
70,Viomi V2 Pro Robot Süpürge VM7RBT04 ,93 ,3985 ,7,5.199,0,0
71,"Mijia Cam Temizleme Robotu / Cam Temizleme Robotu ,cam Temizleme Aleti Hutt Ddc55 DDC55 ",212 ,17315 ,9.6,"2.543,04",0,0
72,Wiami Fx-7 Robot Süpürge fx-7 ,106 ,6421 ,8.7,"2.949,75",0,0
73,AWOX Stark Toz Torbalı Elektrikli Süpürge Gri 800w Sl-306 6281031274669 ,2 ,60 ,9.5,"597,55",0,0
74,Xiaomi Mi Vacuum Mop Pro (Xiaomi TR Resmi Ürünü) Robot Süpürge Ve Paspas - Siyah MOPPROR1 ,91 ,4237 ,0,4.999,0,0
75,HOBOT 388 Cam Temizleme Fayans Silme Robotu Sprey Özellikli Cep Telefonu Uygulama HOBOT 388 ,22 ,2411 ,0,"7.919,99",0,0
76,Tecbot M1 4in1 Akıllı Robot Süpürge Beyaz ,0,0,9.3,"8.549,05",0,0
77,NEABOT Nomo N2 Beyaz Çöp Kovalı Akıllı Robot Süpürge ( Türkiye Garantili ) n2 beyaz ,34 ,2632 ,9.3,"6.479,04",0,0
78,Wiami Fx-7 Robot Süpürge TYC00293593007 ,18 ,1032 ,8.7,"2.949,12",0,0
79,Samsung Vr-5000 Robot Süpürge - Siyah AKSVR05R5050WK ,23 ,2250 ,8.7,3.549,0,0
80,Roborock S5 Max Robot Vacuum Cleaner Robot Süpürge Paspas - Distbiritör Garantili R051 ,39 ,7310 ,9.8,6.799,0,0
81,TEFAL Rg7675 X-plorer Serie 75 Mop Özellikli Akıllı Robot Süpürge - Evcil Hayvan Dostu RG7675 ,177 ,38778 ,9.5,7.190,0,0
82,Xiaomi Mi Robot Vacuum Mop Pro 2 3d Global Versiyon Robot Süpürge ( Güncel Dijital Garantilidir.) mop2pdist ,15 ,2050 ,0,6.999,0,0
83,Hikıng Hikıng Robot Süpürge 5200 Mah 44 Sensör X8 Pro White X8PROW ,3 ,209 ,9.4,3.749,0,0
84,Viomi Vıomı V2 Vacuum Cleaner Lazer Sensör Akıllı Robot Süpürge VİOMİV2 ,277 ,16188 ,9.8,"4.863,38",0,0
85,FANTOM Galaxy Xy38 Robot Süpürge Galaxy-xy38 Siyah GALAXY-XY38 SİYAH ,0,176 ,7.8,4.096,0,0
86,King Krs 360 Sebastian Robot Süpürge KRS 360 PEMBE ,152 ,4033 ,9,"2.279,31",0,0
87,Sentar Mop 1s Robot Süpürge Ve Paspas Beyaz ( Türkiye Garantili) 6939809300322 ,78 ,2371 ,0,"2.799,90",0,0
88,Midea M7 Vacuum And Mop Akıllı Robot Süpürge 250 0001 ,51 ,8082 ,8.3,"4.282,60",0,0
89,iRobot Roomba i7 Akıllı Navigasyonlu Robot Süpürge (Wi-fi'lı) iroboti7 ,118 ,6393 ,9.3,"8.927,04",0,0
90,Soultech Robot Vacuum Mop Siyah - Akıllı Robot Süpürge Soultech Robot Vacuum ,7 ,432 ,9.4,2.299,0,0
91,iRobot Roomba I7 Wi-fi'lı Robot Süpürge Roomba i7+ ,0,366 ,0,13.208,0,0
92,NEABOT P1 Pro Evcil Hayvan Bakım Kiti Süpürge Neabot Türkiye Garantili P1PRO ,12 ,1569 ,9.3,1.499,0,0
93,Reeder Alfreed Akıllı Robot Süpürge RD-ALF ,2 ,230 ,10,"2.184,05",0,0
94,Electrolux Robot Elektrikli Süpürge eclc8248248 ,0,168 ,0,9.266,0,0
95,iRobot Roomba S9+ Plus Robot Süpürge S90001 ,3 ,916 ,8.9,22.800,0,0
96,Imilab V1 Akıllı Toz Boşaltma Üniteli Robot Süpürge (GENPA GARANTİLİ) CMSDJ707A ,3 ,230 ,8.6,7.099,0,0
97,Roborock S7 Sonik Paspas Ile Robot Vakum ( Güncel Dijital Garantilidir.) 6970995782585G ,17 ,2231 ,0,9.999,0,0
98,Wiami Fx-9 Pro Robot Süpürge fx-9 ,14 ,166 ,0,"4.962,24",0,0
99,Ttec Robi Promaster Otomatik Toz Boşaltma Sistemli Akıllı Robot Süpürge ve Paspas 8694470189710 ,0,0,0,5.599,0,0
100,Xiaomi Tecbot M1 Akıllı Robot Süpürge Genpa Garantili TM1B ,1 ,207 ,9.3,8.999,0,0
101,Imilab V1 Akıllı Toz Boşaltma Üniteli Robot Süpürge - Genpa Garantili ,0,58 ,0,"6.815,04",0,0
102,Proscenic M8 Pro Akıllı Çöp Istasyonlu Robot Vacuum&mop Süpürge PROSCENIC M8 PRO_BLACK ,7 ,598 ,0,6.720,0,0
103,King Krs 360 Sebastian Robot Süpürge KRS 360 ,33 ,1136 ,9,"2.349,80",0,0
104,Mamibot Mopa580 Elektrikli Kablosuz Yüzey Temizleyici Mop MOPA580 ,18 ,4899 ,0,"1.979,01",0,0
105,Imilab V1 Akıllı Çöp Istasyonlu Robot Vacuum & Mop Süpürge imilab v1 ,1 ,136 ,0,7.099,0,0
106,Soultech Robot Süpürge Vacuum Mop Rb001 Soultech Robot Süpürge Vacuum Mop RB001 ,4 ,149 ,8.6,2.298,0,0
107,Tamam Ev Temizliği Islak Ve Kuru Şarj Edilebilir Akıllı Mop Robotu Ve Hava Nemlendirici TE88256 (2) ,6 ,4149 ,0,870,0,0
108,Beko Rs 8034 Hm Robot Süpürge TYC00351441358 ,0,0,0,5.149,0,0
109,Robogil Stella 500B Robot Süpürge Ve Paspas ,4 ,219 ,0,"7.622,01",0,0
110,Sunny Hero Power Robot Süpürge GOKMENASSUNNY ,0,0,0,4.789,0,0
111,Roborock S7 Sonic Mopping Akıllı Robot Süpürge Siyah 115042341 ,0,134 ,0,10.999,0,0
112,Viomi Alpha S9 Ultraviyole Toz Boşaltma Üniteli Robot Süpürge - Siyah (Viomi Türkiye Garantili) V-RVCLMD28C ,0,257 ,0,8.800,0,0
113,Beko Robo -x Rs 2121 Robot Süpürge RS 2121 ROBOT SÜPÜRGE ,17 ,1826 ,8.6,3.500,0,0
114,Samsung VR5000RM İnce Tasarımlı Robot Süpürge VR05R5050WG VR05R5050WK ,7 ,1164 ,8.9,3.580,0,0
115,Midea M7 Akıllı Robot Süpürge Süpürge Ve Paspas (vacuum And Mop ) M7_Yapiturka ,0,0,0,"7.999,99",0,0
116,eufy Anker Robovac X8 Hybrid Akıllı Robot Süpürge HBCV00000ZOO43 ,0,0,0,"8.639,04",0,0
117,ILIFE V8s Robot Süpürge ILIFE V8s ,21 ,1308 ,0,2.696,0,0
118,Miele Scout Rx3 Siyah - Spql Robot Süpürge 4311713 ,0,80 ,0,13.790,0,0
119,TESVOR T8 Akıllı Navigasyonlu Robot Süpürge TESVOR T8 ,31 ,2359 ,0,3.199,0,0
120,iRobot Roomba i7+ Wi-Fi'lı Robot Süpürge ,56 ,6708 ,8.9,"12.680,64",0,0
121,Viomi Se Vacuum Cleaner Lazer Sensör Robot Süpürge Ve Paspas- 3 Yıl Uzunkaya Garantili viom42248428 ,0,122 ,0,8.599,0,0
122,+360 C50 Vacuum Mop Akıllı Robot Süpürge 6972999590562 ,9 ,506 ,0,6.199,0,0
123,Proscenic 830t Mop Akıllı Robot Süpürge PROSCENIC 830T ,8 ,495 ,9.9,"2.598,63",0,0
124,iRobot Braava Jet M6 Robot Paspas Siyah m6black ,1 ,388 ,8.9,"9.215,04",0,0
125,Xiaomi Trouver Finder Lds Sensörlü Vacuum Mop Robot Süpürge Genpa ,23 ,2371 ,0,5.599,0,0
126,Beko Rs 8034 Robot Süpürge ,0,0,0,"5.855,04",0,0
127,MYS Imilab V1 Akıllı Toz Boşaltma Üniteli Robot Süpürge V1 İMİLAB ,0,0,0,7.599,0,0
128,Roborock Mı Vakum S5max Beyaz - Genpa Garantili S5MAXG ,100 ,8072 ,9.6,6.799,0,0
129,Bowai Robot Akıllı Elektrikli Süpürge 2021 ,0,73 ,0,575,0,0
130,Honor Choıce Akıllı Robot Süpürge R1 Beyaz Süpürge Ve Paspas HONOR CHOİCE R1 BEYAZ ,1 ,61 ,8.6,2.999,0,0
131,Viomi V5 Pro Robot Süpürge VM7RBT02 ,0,0,9.5,7.949,0,0
132,Viomi S9 Robot Vacuum Cleaner Akıllı Robot Süpürge Siyah- 3 Yıl Uzunkaya Garantisi Kapsamında- vim442824248 ,0,556 ,0,9.699,0,0
133,Hikıng Hikıng Robot Süpürge 5200 Mah 44 Sensör X8 Pro Black ,2 ,64 ,9.3,3.600,0,0
134,Electrolux Pure I9.2 PI92-6DGM 57 V Li-Ion 100Dk Şarjlı Robot Süpürge PI92_6DGM ,2 ,449 ,9.6,"6.085,44",0,0
135,Sentar Mop 1s Robot Süpürge Ve Paspas Siyah ( Türkiye Garantili) 693809300292-S ,21 ,1061 ,9.7,2.799,0,0
136,TamamElek Tamam Xımeıjıe Otomatik Ev Temizliği Süpürge Robutu TE88255 ,0,194 ,0,1.450,0,0
137,Fakir Robert Rs 770 Akıllı Robot Süpürge 43004390 ,13 ,2413 ,8.6,7.999,0,0
138,Ortimax Temizlik Robotu DSAC0218 ,0,0,0,5.599,0,0
139,Anker Anker Robovac G30 Hybrid Mop Robot Süpürge HBV000018HU5G ,0,405 ,9.2,4.349,0,0
140,Ecovacs Winbot 920 Güvenlik Sistemli Pencere Temizleme Robotu ,0,0,0,"14.057,49",0,0
141,Xiaomi Mi Vacuum Mop 1c 2 In 1 Robot Süpürge - Resmi Distribütör Garantili mop 1c ,1 ,2140 ,0,4.949,0,0
142,Robogil Luna-200 Türkçe Konuşan Robot Süpürge Lazer Navigasyonlu LUNA-200 ,9 ,460 ,0,6.059,0,0
143,Arçelik Rs 3121 Robot Süpürge smhm 8911281100 ,0,187 ,0,3.159,0,0
144,Sunny Hero Sn7rbt01 Moplu Akıllı Robot Süpürge SN7RBT01 ,0,143 ,9.3,3.719,0,0
145,XIAMEN Xiaomi Mi Robot Vacuum Mop Kablosuz Akıllı Süpürge Mp123 ,0,186 ,0,4.949,0,0
146,Go Aksesuar Fakir Robert Iı Rs 710 Robot Süpürge (internet Gerektirmez) FKR8690394212503 ,0,105 ,0,"3.409,90",0,0
147,Xiaomi Dreame Vacuum Mop D9 Robot Süpürge (genpa Garantili) MOPD9 ,2 ,1024 ,0,"5.759,04",0,0
148,HOBOT Legee 688 Süpürge Paspas 4 Ü 1 Arada LEGEE 688 ,0,108 ,0,"7.424,99",0,0
149,Roborock Vacuum Cleaner S5 Max Beyaz Robot Süpürge 6970995781922 ,2 ,879 ,10,6.777,0,0
150,Beko Robot Süpürge TYC00310742134 ,0,101 ,0,3.500,0,0
151,Samsung Robot Supurge Vr055050wg Vr5000rm 8806092053281 ,0,0,9.9,"3.799,99",0,0
152,Hoover H-go 300 Hydro 2si 1 Arada Akıllı Robot Süpürge ve Paspas Siyah fshkeaa ,0,137 ,0,"3.394,03",0,0
153,Xiaomi Roborock S5 Max Akıllı Navigasyonlu Robot Süpürge - Beyaz (yedek Parça Seti Ile) Roborge-885548621 ,4 ,2668 ,0,7.199,0,0
154,Karcher Nt 70/2 Me Classic Islak Kuru Elektrikli Süpürge 2300 Wat NT70/2 ,2 ,77 ,9.1,5.790,0,0
155,Sunny Hero Power Sn7rbt02 Vacuum Mop Akıllı Robot Süpürge SN7RBT02 ,0,175 ,9.5,4.199,0,0
156,Arçelik Rs 9034 Hm Robot Süpürge 9034 HM ,1 ,236 ,0,5.899,0,0
157,Samsung Robot Supurge Vr055050wg Vr5000rm ,0,58 ,0,3.599,0,0
158,Ecovacs Deebot Ozmo T8 Aivi Akıllı Robot Süpürge 6943757614004 ,2 ,258 ,0,14.990,0,0
159,TROUVER Finder Lds Sensörlü Vacuum Mop Robot Süpürge Beyaz Rls3 RLS3 ,10 ,796 ,0,5.499,0,0
160,Anker T2253 Eufy Robovac G30 Hybrid Robot Süpürge 1215006 ,1 ,0,8.6,"4.256,95",0,0
161,Viomi V5 Pro Akıllı Robot Süpürge V5_Pro ,0,0,9.3,7.998,0,0
162,iRobot Roomba Combo Robot Süpürge Ve Paspas 2'si 1 Arada 2666467 ,11 ,1157 ,0,3.840,0,0
163,Liectroux 1-x009b Robot Süpürge Siyah 6939809300384S ,0,64 ,0,"2.015,04",0,0
164,EBOS 16h Vacuum Akılı Süpürge 3 Ü 1 Arada Paspas Ve Akılı Robot MVR0044 ,0,0,0,2.400,0,0
165,Karcher Km 70/15 C 2sb *cn Süpürme Makinası 41915171540 ,0,0,0,"7.557,29",0,0
166,HOBOT Legee 7 Süpürge Paspas 4 Ü 1 Arada HOBOT LEGEE 7 ,0,0,0,"8.169,99",0,0
167,Viomi V2 Pro Akıllı Robot Süpürge- 3 Yıl Uzunkaya Garantili viomi2842824 ,0,131 ,0,6.599,0,0
168,Robotuya Robogyro Gri Robot Süpürge Ve Paspas - Distribütör Garantili RoboGyro ,2 ,142 ,0,2.099,0,0
169,Robogil Luna-100 Robot Süpürge Kamera Navigasyonlu L-100 ,0,124 ,0,5.049,0,0
170,FANTOM Robot Süpürge Galaxy Fan123 ,0,75 ,0,"7.199,99",0,0
171,Tecbot M1 4in1 Akıllı Robot Süpürge Genpa Garantili Siyah ,0,0,9.6,8.999,0,0
172,Fakir Robert Iı Rs 720 Akıllı Robot Süpürge 41004400 ,0,385 ,0,4.599,0,0
173,Arçelik Rs 9034 Hm Robot Süpürge 8910211100 ,0,74 ,0,5.849,0,0
174,Beko Rs 8034 Hm Robot Süpürge 7642787 ,1 ,65 ,0,5.599,0,0
175,EBOS Eba 16hw Vacuum Akılı Süpürge 3 Ü 1 Arada Robot Süpürge Wifi Paspas MVR0000044 ,0,0,0,2.400,0,0
176,Viomi Viaomi V3 Max Robot Süpürge Beyaz V-RVCLM27A ,2 ,268 ,9.9,6.288,0,0
177,Xiaomi Vacuum Cleaner S6 White Robot Süpürge Roborge-985411 ,0,292 ,0,7.350,0,0
178,VESTEL V-bot Robot Süpürge V-BOT Robot ,0,0,0,2.899,0,0
179,iRobot Braava Jet M6 Robot Paspas IROBUP0001 ,5 ,802 ,8.9,"8.336,64",0,0
180,Liectroux C30b Robot Süpürge Siyah LCT30B ,108 ,3654 ,9.1,2.659,0,0
181,Beko Rs 2121 Robot Süpürge 37274682394 ,1 ,289 ,0,3.050,0,0
182,Beko Rs 8034 Hm Robot Süpürge RS 8034 HM Robot Süpürge ,2 ,268 ,8,5.749,0,0
183,Lura Wipe'n Clean Akıllı Çöp Istasyonlu Robot Süpürge 1621 Beyaz ,0,0,0,"9.750,60",0,0
184,Viomi V3 Vacuum Cleaner Lazer Sensör Robot Süpürge ( Viomi Türkiye Garantili ) VACUUMV3 ,114 ,3484 ,0,7.499,0,0
185,Ecowacs Ecovacs Deebot N79s Kendini Şarj Edebilen Akıllı Temizlik Robotu N79S ,0,167 ,0,4.899,0,0
186,Arçelik Rs 9034 Hm Robot Süpürge 32849222 ,1 ,250 ,0,5.899,0,0
187,Ecovacs Deebot Ozmo 950 Akıllı Robot Süpürge HBV00000SAUJD ,14 ,850 ,0,8.999,0,0
188,FANTOM Galaxy Xy 38 Temizlik Robotu(beyaz) 6363637282 ,2 ,159 ,9.8,"5.299,90",0,0
189,iRobot Roomba I3+ Akıllı Çöp Istasyonlu Robot Süpürge 2744556 ,17 ,4028 ,8.9,"8.169,05",0,0
190,Robogil Clara 100 Cam Temizleme Robotu Clara-100 ,1 ,53 ,0,4.849,0,0
191,Xiaomi Mi Vacuum Mop Pro ( Tr Resmi Ürünü ) Robot Süpürge Ve Paspas - Siyah 1213 ,0,0,0,5.599,0,0
192,FANTOM Galaxy Xy38 Akıllı Robot Süpürge TYC00297081996 ,0,0,0,"6.999,99",0,0
193,TROUVER Finder Robot Lds Vacuum-mop ( Xiaomi Türkiye Genpa Garantili) Beyaz ,14 ,127 ,0,5.599,0,0
194,VESTEL V-bot Robot Süpürge VESTEL V-bot Robot Süpürge ,1 ,61 ,0,"2.872,32",0,0
195,THOMAS Twin T2 Aquafılter Temizlik Robotu ,0,0,0,7.960,0,0
196,Kyvol Cybovac E31 Akıllı Robot Süpürge Ve Paspas APRY4678 ,0,85 ,0,3.999,0,0
197,Robogil Luna-200uv Ultraviyole Ledli Türkçe Konuşan Robot Süpürge Lazer Navigasyonlu Luna-200 UV ,2 ,238 ,0,6.569,0,0
198,Robotta Irobot Roomba 606 Robot Irobot Romba 606 Robot Süpürge 606SLH ,0,53 ,9.5,"2.517,50",0,0
199,Viomi Robot Vacuum S9 S9-automatic Dirt Disposal -beyaz HBV0000177AIR ,3 ,515 ,0,"8.190,96",0,0
200,CAMBOT Wın3030 Otomatik Cam Silme Robotu cambott_win3030 ,14 ,7214 ,0,3.790,0,0
201,Liectroux Zk901 Islak/kuru Sensörlü Robot Süpürge ZK901 ,9 ,677 ,0,4.599,0,0
202,Viomi Roborock S5 Max Vacuum Cleaner Beyaz Akıllı Robot Süpürge Ve Paspas robo s5 max ,3 ,388 ,0,7.999,0,0
203,NEABOT Nomo N2 Çöp Kovalı Akıllı Robot Süpürge ,17 ,1366 ,9.3,"6.507,84",0,0
204,Soultech Rb001 Akıllı Robot Süpürge Vacuum Mop Siyah - ( Türkiye Garantili) RB001 ,0,394 ,9.9,2.298,0,0
205,Liectroux 1-x009b Robot Süpürge Pembe 6939809300384P ,0,70 ,9.3,"1.976,64",0,0
206,NEABOT Nomo N1 Plus Beyaz Çöp Kovalı Akıllı Robot Süpürge ( Türkiye Garantili ) ,3 ,317 ,0,"5.984,05",0,0
207,Mamibot Exvac680s Yüksek Performanslı Akıllı Robot Süpürge Exvac680S ,0,300 ,0,2.499,0,0
208,Viomi V3 Max Robot Süpürge Siyah V-RVCLM27B ,0,147 ,9.9,6.288,0,0
209,Umie Umıe Ls5 Vakumlu 2200pa 6400mah Yüksek Emişli Akıllı Robot Süpürge Paspas LS5 ,2 ,1639 ,8.7,5.500,0,0
210,FANTOM Galaxy Xy38 Robot Süpürge GALAXY XY38 ,0,0,9.8,4.256,0,0
211,TEFAL 60 En Ince 4'ü 1 Arada Akıllı Robot Süpürge tfl824885j5u ,1 ,845 ,0,6.799,0,0
212,Karcher Wd 5 Premium Çok Fonksiyonlu Elektrik Süpürgesi 41913482300 ,0,0,0,"3.600,82",0,0
213,"TCL Sweeva2000 Robot Supurge Siyah , Türkiye Garantili B200A01EU ",0,0,8.5,"3.512,64",0,0
214,Xclea H30 Plus Akıllı Robot Süpürge Ve Paspas H30Plus QYSDJ01+QYJCZ0 ,19 ,600 ,0,"7.380,09",0,0
215,Cookplus Alex 1280h Akıllı Robot Süpürge Alex 1280H ,0,0,0,2.799,0,0
216,Viomi V2 Vacuum Cleaner Lazer Sensör Akıllı Robot Süpürge VioamiV2 ,53 ,3502 ,0,"7.599,99",0,0
217,Mijia Hutt W66 Cam Temizleme Robotu Su Hazneli whw66 ,32 ,2580 ,8.8,"2.984,90",0,0
218,Xiaomi Mijia Robot Mop Pro Siyah - Genpa Garantili GENPAMP ,141 ,7439 ,9.5,5.599,0,0
219,TECHNOZ Qole Akıllı Temizlik Robotu shibumi ,0,0,0,"3.262,50",0,0
220,FANTOM Galaxy Siyah Temizlik Robotu SH01889 ,0,0,0,4.400,0,0
221,VEHASTORE Shıbumı Qöle Akıllı Robot Süpürge Robot Vacuum Cleaner VEHAQÖLE ,10 ,358 ,9.3,2.799,0,0
222,ARİETE Briciola Robot Süpürge 00p271710ar0 KERMANHOME-02568 ,1 ,0,9.9,3.999,0,0
223,EBOS Ebo 118hw Moop Robot Süpürge Paspas Üçü Bir Arada EBo044 ,0,0,0,1.999,0,0
224,Viomi V3 Antibakteriyel Robot Süpürge (Genpa Garantili) ,261 ,10067 ,0,7.798,0,0
225,Liectroux 1-x009a Robot Vacuum Cleaner Siyah 6939809300377 ,0,67 ,0,"2.015,04",0,0
226,Roborock S6 Pure Beyaz Akıllı Robot Süpürge Mop S6Pure6970995781427 ,7 ,1095 ,0,8.999,0,0
227,Xiaomi S5 Max Akıllı Navigasyonlu Robot Süpürge Siyah (yedek Parça Seti Ile) Roborge-8879636 ,7 ,1544 ,0,7.199,0,0
228,ARİETE Briciola Robot Süpürge 00P271710AR0 ,0,150 ,8.4,"2.693,82",0,0
229,PENSİL A+ Cam Temizleme Robotu TYC00042078272 ,16 ,1100 ,0,2.780,0,0
230,Anker Eufy Robovac G10 Hybrid Wi-fi Uygulama Destekli Hepa Yüksek Emişli Akıllı Robot Süpürge RoboVac G10 Hybrid ,48 ,2894 ,0,4.199,0,0
231,FANTOM Galaxy Xy 38 Temizlik Robotu (siyah) 288272663 ,1 ,107 ,9.8,4.999,0,0
232,Redline Robored G2 Su Tank'lı Mop'lu Akıllı Robot Süpürge TYC00184434030 ,0,55 ,8.8,4.997,0,0
233,LENOVO Smart Robot Vacuum Cleaner T1 ,8 ,326 ,0,"5.275,90",0,0
234,Roborock S6 Maxv Vacuum Cleaner Robot Süpürge Ve Paspas (resmi Türkiye Garantili) S6MAXV ,4 ,1824 ,0,9.999,0,0
235,wesbat Hoover Robot Süpürge Akıllı Süpürme Ve Paspaslama 0562 ,0,75 ,0,2.900,0,0
236,NEABOT Nomo Q11 Starter Kit 4 Lü Toz Torbası Ve 2 Li Paspas Bezi q11 starter kit ,2 ,149 ,0,"210,24",0,0
237,ILIFE Robot Akıllı Robot Süpürge A9s 6971263070888 ,1 ,61 ,0,3.999,0,0
238,FANTOM Galaxy Xy38 Akıllı Robot Süpürge P1486S6027 ,0,0,0,"6.999,99",0,0
239,Xiaomi Viomi Se Robot Süpürge (yedek Parça Seti Ile) rbg-85645 ,0,187 ,0,5.799,0,0
240,Bilicra Akıllı Robot Süpürge Moby BSVRX1 ,3 ,285 ,9.9,4.399,0,0
241,Haem Energy Elysia Serisi Siyah Kuru Islak Wi-fi Uygulama Destekli Hepa Filtreli Akıllı Robot Süpürge ,4 ,169 ,0,2.769,0,0
242,ELEXO Zk901 Islak Kuru Lidar Sensörlü Robot Süpürge ELEXOZK901 ,0,0,0,"4.073,03",0,0
243,Tamam Ev Temizliği Islak Ve Kuru Şarj Edilebilir Akıllı Mop Robotu TE88256 (1) ,0,597 ,0,870,0,0
244,Roborock S6 Maxv Siyah- (genpa Garantili) S6V52-00 ,51 ,1778 ,8.6,8.888,0,0
245,Redline Robored G2 Akıllı Robot Süpürge RED123 ,1 ,0,0,4.999,0,0
246,Redline Robored G2 Akıllı Robot Süpürge TYC00188560646 ,1 ,80 ,0,5.999,0,0
247,TCL Sweeva2000 Robot Supurge Beyaz Türkiye Garantili B200A11EU ,0,0,9.1,"3.478,08",0,0
248,ILIFE A10s Akıllı Robot Süpürge 6971263070694 ,6 ,213 ,0,3.916,0,0
249,Karcher Nt 70/2 Me Elektrikli Süpürge 41916672240 ,0,0,0,"6.250,31",0,0
250,LENOVO Robot Vacuum Cleaner E1 ,7 ,792 ,0,"2.721,51",0,0
251,FANTOM Galaxy Xy 38 Siyah Robot Süpürge Fantom Galaxy Xy 38 Siyah ,0,0,0,4.999,0,0
252,Karcher Vc 3 Elektrikli Süpürgesi 41911981250 ,0,81 ,8.6,"2.399,04",0,0
253,Viomi V2 Pro Vacuum Cleaner Robot Süpürge Ve Paspas ( Türkiye Garantili ) v2-pro ,1 ,345 ,0,5.349,0,0
254,Xiaomi S6 Pure Beyaz Akıllı Robot Süpürge Roborge-871254182 ,0,341 ,0,7.800,0,0
255,Xiaomi Mi Robot Vacuum Robot Süpürge ve Paspas rssn4724662 ,0,1524 ,0,6.159,0,0
256,Xiaomi Mop Pro Siyah - Akıllı Robot Süpürge + Mi Band 6 Akıllı Bileklik Adım Sayar xi924848adm47 ,0,464 ,0,9.875,0,0
257,Liectroux Lıectroux Robot Vacuum Mop-süpürge Ve Paspas B6009 ,5 ,211 ,0,"3.071,04",0,0
258,"wesbat Mamibot 680s Smarteye Robot Süpürge, Siyah 2594 ",0,0,0,3.960,0,0
259,Xiaomi Mijia Mop pro Cleaner Robot Süpürge Ve Paspas - Beyaz (yedek Parça Seti Ile) Roborge-964512 ,8 ,2376 ,0,6.999,0,0
260,Momax Ro1s Trio Ultraviyole Mop Robot Süpürge RO1S ,1 ,182 ,10,2.991,0,0
261,Redline Robored G1 Robot Süpürge Vakumlu Temizlik Robotu G-1 ,0,98 ,0,"3.499,99",0,0
262,Hikıng Hikıng Robot Süpürge 5200 Mah 44 Sensör HKNGROBOT1 ,0,0,0,4.890,0,0
263,Redline Robored G1 Akılı Robot Süpürge TYC00188560612 ,2 ,208 ,9.6,4.000,0,0
264,Baseus Heyo Rotation Countdown-manyetik Dijital Zamanlayıcı Çalar Saat Siyah 31807 ,3 ,231 ,9.6,"256,21",0,0
265,Xiaomi Ddc55 Hutt Akıllı Cam Temizleme Robotu DC55HUTT ,0,101 ,9.6,3.599,0,0
266,Bowai Beyaz Robot Süpürge - Vacum Cleaner ,2 ,274 ,0,"639,90",0,0
267,Haem Energy Elysia Serisi Kuru Islak Akıllı Robot Süpürge - Wi-fi Uygulama Destekli Hepa Filtreli Beyaz RC-001 ,0,171 ,0,2.769,0,0
268,"Severin Rb 7025, Robot Süpürge, 12,8 V Lityum Iyon Pil, Soğuk Rengi, Gri/kırmızı/siyah ",0,0,0,"9.035,12",0,0
269,TEFAL Rg7447 X-plorer Serie 60 4in1 Mop Özellikli Akıllı Robot Süpürge - Allergy Kit - 2211400705 ,179 ,46421 ,8,4.499,0,0
270,Xiaomi Viomi V3 Robot Süpürge (yedek Parça Seti Ile) rbg-9666 ,13 ,3174 ,0,6.399,0,0
271,Taurus Homeland Robot Süpürge Ithalatçı Garantili 2901 HOMELAND ,0,0,0,3.699,0,0
272,Karcher Wd 3 Premium *eu-ı Çok Amaçlı Süpürge 41916298630 ,1 ,0,8.6,"1.919,04",0,0
273,Webot Otomatik Cam Temizleme Robotu Bo-150 AZQQCAMWE001 ,0,135 ,0,2.730,0,0
274,Xiaomi Mi Akıllı Cam Silme Robotu Hutt W66 - Distribütör Garantili ANEW66 ,7 ,1284 ,0,3.316,0,0
275,Vileda Virobi Şarjlı Robot Süpürge ve Paspas 4445 ,6 ,537 ,8.9,1.440,0,0
276,ILIFE Robot Süpürge A9s Mop 6971263070244 ,3 ,179 ,0,4.200,0,0
277,Xiaomi Mi Vacuum Mop Pro Robot Süpürge Beyaz - Genpa Garantili mop pro beyaz genpa ,4 ,712 ,8.8,5.543,0,0
278,Tamam Xımeıjıe Otomatik Ev Temizliği Süpürge TE88255 (1) ,0,683 ,0,1.950,0,0
279,HF520 Uv Işınlı Dezenfekte Robotu HF520 ,0,148 ,0,1.699,0,0
280,Robogil Stella 500A Robot Süpürge ,1 ,66 ,0,7.199,0,0
281,Hunter Z60 Akıllı Robot Süpürge 123660 ,42 ,2875 ,0,2.999,0,0
282,Karcher T 11/1 Classic Hepa Elektrikli Süpürge 41915271990 ,0,0,0,3.194,0,0
283,Xiaomi Viomi v2 Pro Robot Süpürge (yedek Parça Seti Ile) rgb-89755 ,2 ,1004 ,0,5.199,0,0
284,ARİETE Pro Evolution Robot Süpürge 00P271310AR0 ,2 ,288 ,9.5,2.475,0,0
285,Robotuya Robolaser Beyaz Robot Süpürge Ve Paspas ,1 ,0,0,3.849,0,0
286,Xiaomi Mi Vacuum Cleaner Mini Şarjlı El Süpürgesi ( Türkiye Garantilidir.) 6934177723193dist ,0,151 ,0,870,0,0
287,iRobot Roomba E5 Ve I7 Serisi 1 Çift Yüzey Temizleyici Kauçuk Fırça IROBOT01020467 ,4 ,151 ,9.6,"110,54",0,0
288,NEABOT Nomo N2 All In One Kit Beyaz Yedek Parça Seti n2 allınonekıt beyaz ,3 ,0,0,"479,04",0,0
289,Bilicra Akıllı Robot Süpürge Moby Bsvrx1 8681705046306 ,0,0,9.6,"5.068,80",0,0
290,Redline Robored G1 Robot Süpürge 2002 ,1 ,58 ,0,2.999,0,0
291,FANTOM Promını 50p Elektrikli Süpürge 50P ,0,0,0,1.600,0,0
292,Xiaomi Akıllı Cam Silme Robotu(DİSTRİBÜTÖR GARANTİLİ) Hutt Ddc55 HDDC5 ,1 ,5380 ,9.6,2.870,0,0
293,Karcher Nt 22/1 Ap Elektrikli Süpürge 41913786000 ,0,0,0,"3.125,77",0,0
294,"SENCROMELK. Robored G1 Robot Süpürge 153,01,01 ",0,0,0,2.550,0,0
295,Stilevs Is-2800 Uzay 2800 W Islak Kuru Süpürge TYC00189805090 ,1 ,137 ,0,"863,04",0,0
296,Taurus Homeland Laser Robot Süpürge Ithalatçı Garantili 2900 LASER ,0,0,0,4.889,0,0
297,Redline Robored G1 Akıllı Robot Süpürge Redline Robored G1 Akıllı Robot Süpürge ,0,84 ,0,3.999,0,0
298,Taurus Homeland Gyro Robot Süpürge Ithalatçı Garantili 2899 GYRO ,0,0,0,4.250,0,0
299,Nilfisk Smart White Cam Temizleyici NIL-CAM01 ,0,150 ,0,699,0,0
300,Popüler Roborock Vacuum Cleaner S5 Max Robot Yenileme Seti Popüler-s5 s6 s50 -02 ,2 ,291 ,0,"617,50",0,0
301,Alya G. Robot Süpürge Al163 Kathya White AL-163 ,0,0,8.9,"3.839,04",0,0
302,Ally Kablosuz Güçlü Araç Ev Araç Taşınabilir El Süpürgesi Kuru Islak 333 ,6 ,388 ,0,"359,99",0,0
303,Redline Robored G2 Robot Süpürge ,0,0,9.6,4.998,0,0
304,LEADER HOME Pilli Oyuncak Elektrikli Süpürge LH45858 ,0,148 ,0,"123,54",0,0
305,Popüler Xiaomi S5 Max Uyumlu Lu Akıllı Robot Süpürge Orta Ana Emici Fırça Popüle8-Roborock-Mijia-s-e-144 ,3 ,151 ,0,"117,60",0,0
306,"SENCROMELK. Robored G2 Robot Süpürge 153,01,02 ",0,0,0,4.900,0,0
307,HOBOT 268/288/298 Mikrofiber Temizlik Bezi Sarı 3 Lü Paket 298 SARI ,1 ,0,0,"436,99",0,0
308,iRobot Roomba I7 E5 E6 Uyumlu Hepa Filtre İrobot990907 ,0,0,9,"39,90",0,0
309,GTTVO Robot Süpürge GTTVO BR151 ,0,0,0,4.400,0,0
310,Redline Robored G1 Akıllı Robot Süpürge TYC00184432349 ,0,0,0,4.999,0,0
311,Hubsan Roborock S50/s55 1li Ana Fırça Hubsan_Rb17 ,12 ,175 ,0,"108,99",0,0
312,NEABOT Nomo N1 Plus Uyumlu Hepa Filtre n1plusfiltre ,0,0,0,109,0,0
313,Popüler Xiaomi S51 Uyumlu Lu Akıllı Robot Süpürge Yan Fırça 2'li Popüle8-Roborock-Mijia-s-e-122 ,0,54 ,0,"117,60",0,0
314,Ally Mobile Xiaomi Robot Süpürge Için Uyumlu Universal Manyetik Bant 2 mt 33631-24 ,0,0,0,"86,71",0,0
315,Popüler Irobot Roomba 610 Robot Süpürge Aksesuar Seti Popüler-irobot-610 series-21 ,0,0,0,"339,50",0,0
316,NEABOT Nomo N2 All In One Kit Siyah Yedek Parça Seti n2 allınonekıt siyah ,0,0,0,"479,04",0,0
317,Popüler Irobot Roomba 615 Robot Süpürge Aksesuar Seti Popüler-irobot-615 series-23 ,0,0,0,"339,50",0,0
318,Popüler Roborock S6 Maxv 2'li Yan Fırça (beyaz) Popüler-5kollu Yan Fırça Beyaz -1 ,0,0,0,"117,60",0,0
319,Popüler Irobot Roomba 605 Robot Süpürge Aksesuar Seti Popüler-irobot-500-600series-13 ,0,0,0,"339,50",0,0
320,Ally Mobile Irobot Roomba 800-860 Serisi Yenileme Seti Fırça + Filtre-rz 9166-34158 ,0,0,0,"252,33",0,0
321,Popüler Irobot Roomba 630 Robot Süpürge Aksesuar Seti Popüler-irobot-500-600series-10 ,0,0,0,"339,50",0,0
322,Popüler Irobot Roomba 693 Robot Süpürge Aksesuar Seti Popüler-irobot-500-600series-14 ,0,0,0,"339,50",0,0
323,NEABOT Nomo N2 Starter Kit Yedek Parça Listesi n2starterkit ,0,0,0,"191,04",0,0
